id;eloadas_id;eha
1;1;CSASAJAS
2;1;__NONE__
3;1;HOATAAAT
4;1;EGZQAAAQ
5;1;__NONE__
6;1;PAASAFAS
7;1;NEFSAAAS
8;1;PEESAAAS
9;1;HAMTAAAT
10;1;BOESABAS
11;1;__NONE__
12;1;HOITAAAT
13;1;__NONE__
14;1;__NONE__
15;1;__NONE__
16;1;__NONE__
17;1;__NONE__
18;1;__NONE__
19;1;__NONE__
20;1;__NONE__
21;1;RALQABAQ
22;1;KIMSABAS
23;1;__NONE__
24;1;__NONE__
25;1;SZBRADAR
26;1;__NONE__
27;1;__NONE__
28;1;SZRSAAAS
29;1;__NONE__
300;2;KEIQAAAQ
31;1;VAPSAAAS
32;1;SZDTACAT
33;1;LEGTAAAT
34;1;ZOBSAAAS
35;1;KOTTACAT
36;1;__NONE__
37;1;HECRAAAR
38;1;__NONE__
39;1;SLATABAT
40;1;__NONE__
41;1;__NONE__
42;1;__NONE__
43;1;__NONE__
44;1;__NONE__
45;1;__NONE__
46;1;KAORAAAR
47;1;__NONE__
48;1;__NONE__
49;1;SZMPAAAP
50;1;__NONE__
51;1;__NONE__
52;1;MAARACAR
53;1;__NONE__
54;1;__NONE__
55;1;BAKQABAQ
56;1;__NONE__
57;1;PATMAAAM
58;1;RAPTAAAT
59;1;PEGTABAT
60;1;GUDSABAS
61;1;SAGSABAS
62;1;SZATALAT
63;1;SZZTAEAT
64;1;DELRAAAR
65;1;__NONE__
66;1;ANGTAAAT
67;1;UVLPAAAP
68;1;__NONE__
69;1;__NONE__
70;1;__NONE__
71;1;__NONE__
72;1;__NONE__
73;1;NAMSABAS
74;1;__NONE__
75;1;PADSABAS
76;1;LONSABAS
77;1;__NONE__
78;1;__NONE__
79;1;FEGSABAS
80;1;__NONE__
81;1;__NONE__
82;1;RECPAAAP
83;1;__NONE__
84;1;TOBTAAAT
85;1;NEBTABAT
86;1;NAMQABAQ
87;1;CSGTABAT
88;1;PORTAAAT
89;1;LADQAAAQ
90;1;__NONE__
91;1;TOLRACAR
92;1;__NONE__
93;1;BIISAAAS
94;1;TOZTABAT
95;1;__NONE__
96;1;__NONE__
97;1;__NONE__
98;1;__NONE__
99;1;__NONE__
100;1;__NONE__
101;1;__NONE__
102;1;VAZSABAS
103;1;BOPQAAAQ
104;1;__NONE__
105;1;__NONE__
106;1;CSBRAAAR
107;1;__NONE__
108;1;__NONE__
109;1;__NONE__
110;1;__NONE__
111;1;ADLSAAAS
112;1;SCFTAAAT
113;1;ZADTAAAT
114;1;__NONE__
115;1;NYGTAAAT
116;1;BUSSAAAS
117;1;__NONE__
118;1;TAATABAT
119;1;__NONE__
120;1;OTGTAAAT
121;1;MUMTAAAT
122;1;__NONE__
123;1;ORTPAAAP
124;1;__NONE__
125;1;__NONE__
126;1;__NONE__
127;1;NAARADAR
128;1;__NONE__
129;1;MENSAAAS
130;1;BOBSACAS
131;1;__NONE__
132;1;__NONE__
133;1;GEKTAAAT
134;1;__NONE__
135;1;__NONE__
136;1;__NONE__
137;1;__NONE__
138;1;DEKTAAAT
139;1;CSGSACAS
140;1;__NONE__
141;1;SZZRADAR
142;1;LIASAAAS
143;1;SZDTAAAT
144;1;KIATAAAT
145;1;GAETAAAT
146;1;__NONE__
147;1;SZZTABAT
148;1;ABGRAAAR
149;1;__NONE__
150;1;GOVSAAAS
151;1;__NONE__
152;1;__NONE__
153;1;__NONE__
154;1;TAEPAAAP
155;1;__NONE__
156;1;__NONE__
157;1;GADSAAAS
158;1;__NONE__
159;1;__NONE__
160;1;DASTAAAT
161;1;__NONE__
162;1;__NONE__
163;1;__NONE__
164;1;__NONE__
165;1;NERUAAAU
166;1;FABSABAS
167;1;__NONE__
168;1;BAPRABAR
169;1;SAGTABAT
170;1;MAZRAAAR
171;1;PARPACAP
172;1;NERRAAAR
173;1;__NONE__
174;1;TOOTAAAT
175;1;SZGRAAAR
176;1;__NONE__
177;1;VECSABAS
178;1;__NONE__
179;1;__NONE__
180;1;__NONE__
181;1;BAZRADAR
182;1;__NONE__
183;1;BOBNAAAN
184;1;KOGOABAO
185;1;__NONE__
186;1;__NONE__
187;1;__NONE__
188;1;__NONE__
189;1;__NONE__
190;1;__NONE__
191;1;__NONE__
192;1;__NONE__
193;1;BARRAAAR
194;1;__NONE__
195;1;FEZTAAAT
196;1;SZDTABAT
197;1;SIVOAAAO
198;1;PEBPAAAP
199;1;LAVTABAT
200;1;__NONE__
201;1;VEBSABAS
202;1;JAZTACAT
203;1;__NONE__
204;1;AMTTAAAT
205;1;__NONE__
206;1;__NONE__
207;1;__NONE__
208;1;KABSAAAS
209;1;__NONE__
210;1;BUGRABAR
211;1;BADQACAQ
212;1;__NONE__
213;1;__NONE__
214;1;MEDRAAAR
215;1;__NONE__
216;1;__NONE__
217;1;__NONE__
218;1;__NONE__
219;1;__NONE__
220;1;TAATAAAT
221;1;PAMTAAAT
222;1;ZENTAAAT
223;1;MAZTABAT
224;1;SUBSAAAS
225;1;__NONE__
226;1;DOSTAAAT
227;1;__NONE__
228;1;PAATADAT
229;1;TAGTACAT
1;ppe;ZOBSAAAS
2;ppe;NAMQABAQ
3;ppe;SZGRAAAR
4;ppe;NAMQABAQ
5;ppe;NAMQABAQ
6;ppe;SZZTAEAT
7;ppe;KOTTAFAT
8;ppe;RAPTAAAT
9;ppe;NEBTABAT
10;ppe;SZLRAAAR
11;ppe;TOLRACAR
12;ppe;RAPTAAAT
13;ppe;NAFSAAAS
14;ppe;__NONE__
15;ppe;HAMTAAAT
16;ppe;ABGRAAAR
17;ppe;ABGRAAAR
18;ppe;BUASACAS
19;ppe;OTGTAAAT
20;ppe;TOBTAAAT
21;ppe;BUASACAS
22;ppe;__NONE__
23;ppe;SZDTABAT
24;ppe;TOBTAAAT
25;ppe;__NONE__
26;ppe;DELRAAAR
27;ppe;PAATADAT
28;ppe;RAPTAAAT
29;ppe;ANGTAAAT
30;ppe;GYBRAAAR
31;ppe;KOTTACAT
32;ppe;ZADTAAAT
33;ppe;TOBTAAAT
34;ppe;TOBTAAAT
35;ppe;RAPTAAAT
36;ppe;PAATADAT
37;ppe;KOTTACAT
38;ppe;__NONE__
39;ppe;SZLRAAAR
40;ppe;SZLRAAAR
41;ppe;FAVSABAS
42;ppe;__NONE__
43;ppe;SZATALAT
44;ppe;ABGRAAAR
45;ppe;BUASACAS
46;ppe;SZDTABAT
47;ppe;OTGTAAAT
48;ppe;VECSABAS
49;ppe;__NONE__
50;ppe;MAZTABAT
51;ppe;TOBTAAAT
52;ppe;__NONE__
53;ppe;BRSPAAAP
54;ppe;__NONE__
55;ppe;__NONE__
56;ppe;TAEPAAAP
57;ppe;NAMQABAQ
58;ppe;KOTTACAT
59;ppe;RAPTAAAT
60;ppe;SZLRAAAR
61;ppe;TOBTAAAT
62;ppe;OTGTAAAT
63;ppe;KIMSABAS
64;ppe;BUASACAS
65;ppe;SZDTABAT
66;ppe;RAPTAAAT
67;ppe;ABGRAAAR
68;ppe;PAATADAT
69;ppe;__NONE__
70;ppe;BUASACAS
71;ppe;PATMAAAM
72;ppe;RAPTAAAT
73;ppe;KOTTACAT
74;ppe;SZATALAT
75;ppe;ZADTAAAT
76;ppe;__NONE__
77;ppe;__NONE__
78;ppe;VAZSABAS
79;ppe;__NONE__
80;ppe;PAATADAT
81;ppe;__NONE__
82;ppe;__NONE__
83;ppe;RAPTAAAT
84;ppe;NAMQABAQ
85;ppe;KOTTAFAT
86;ppe;FAVSABAS
87;ppe;KOTTACAT
88;ppe;BEAQAAAQ
89;ppe;OTGTAAAT
90;ppe;BRSPAAAP
91;ppe;SZLRAAAR
92;ppe;RAPTAAAT
93;ppe;TOBTAAAT
94;ppe;NAFSAAAS
95;ppe;BEAQAAAQ
96;ppe;__NONE__
97;ppe;ADLSAAAS
98;ppe;__NONE__
99;ppe;__NONE__
1;ppg;SZZTABAT
2;ppg;BOBNAAAN
3;ppg;NEBTABAT
4;ppg;TAPRAAAR
5;ppg;GRJRAAAR
6;ppg;SZGRAAAR
7;ppg;BOBNAAAN
8;ppg;HAMTAAAT
9;ppg;BOBNAAAN
10;ppg;KABSAAAS
11;ppg;POGSAAAS
12;ppg;MOTSAAAS
13;ppg;BOGQAAAQ
14;ppg;CSASAJAS
15;ppg;CSGTABAT
16;ppg;OTGTAAAT
17;ppg;KOTTACAT
18;ppg;NAMQABAQ
19;ppg;HAMTAAAT
20;ppg;NERRAAAR
21;ppg;POGSAAAS
22;ppg;KABSAAAS
23;ppg;PEBPAAAP
24;ppg;BOGQAAAQ
25;ppg;GEKTAAAT
26;ppg;NEBTABAT
27;ppg;SAGSABAS
28;ppg;NAMQABAQ
29;ppg;OTGTAAAT
30;ppg;BOBNAAAN
31;ppg;PEBPAAAP
32;ppg;PEESAAAS
33;ppg;PEESAAAS
34;ppg;HAMTAAAT
35;ppg;HAMTAAAT
36;ppg;NAMQABAQ
37;ppg;NAMQABAQ
38;ppg;HAMTAAAT
39;ppg;OTGTAAAT
40;ppg;BEAQAAAQ
41;ppg;NYSRAAAR
42;ppg;SCFTAAAT
43;ppg;OTGTAAAT
44;ppg;HAMTAAAT
45;ppg;BEAQAAAQ
46;ppg;BEAQAAAQ
47;ppg;BUSSAAAS
48;ppg;NAFSAAAS
49;ppg;NEBTABAT
50;ppg;GEKTAAAT
51;ppg;__NONE__
52;ppg;__NONE__
53;ppg;__NONE__
54;ppg;TAPRAAAR
55;ppg;__NONE__
56;ppg;__NONE__
57;ppg;NYSRAAAR
58;ppg;__NONE__
59;ppg;__NONE__
60;ppg;__NONE__
61;ppg;__NONE__
62;ppg;__NONE__
63;ppg;DELRAAAR
64;ppg;__NONE__
65;ppg;__NONE__
66;ppg;DELRAAAR
67;ppg;__NONE__
68;ppg;__NONE__
69;ppg;NYSRAAAR
70;ppg;__NONE__
71;ppg;__NONE__
72;ppg;SZGRAAAR
73;ppg;__NONE__
74;ppg;__NONE__
75;ppg;PATMAAAM
76;ppg;__NONE__
77;ppg;__NONE__
78;ppg;__NONE__
79;ppg;__NONE__
80;ppg;VAZSABAS
81;ppg;PATMAAAM
82;ppg;__NONE__
83;ppg;__NONE__
84;ppg;__NONE__
85;ppg;__NONE__
86;ppg;__NONE__
87;ppg;__NONE__
88;ppg;__NONE__
89;ppg;__NONE__
90;ppg;__NONE__
91;ppg;__NONE__
92;ppg;__NONE__
93;ppg;__NONE__
94;ppg;__NONE__
95;ppg;__NONE__
96;ppg;__NONE__
97;ppg;__NONE__
98;ppg;__NONE__
99;ppg;__NONE__
100;ppg;__NONE__
101;ppg;__NONE__
102;ppg;__NONE__
103;ppg;__NONE__
104;ppg;__NONE__
105;ppg;__NONE__
106;ppg;__NONE__
107;ppg;__NONE__
108;ppg;__NONE__
109;ppg;__NONE__
110;ppg;__NONE__
111;ppg;__NONE__
112;ppg;__NONE__
113;ppg;__NONE__
114;ppg;__NONE__
115;ppg;__NONE__
116;ppg;__NONE__
117;ppg;__NONE__
118;ppg;__NONE__
119;ppg;__NONE__
120;ppg;__NONE__
121;ppg;__NONE__
122;ppg;__NONE__
123;ppg;__NONE__
124;ppg;__NONE__
125;ppg;__NONE__
126;ppg;__NONE__
127;ppg;__NONE__
128;ppg;__NONE__
129;ppg;__NONE__
130;ppg;__NONE__
131;ppg;__NONE__
132;ppg;__NONE__
133;ppg;__NONE__
134;ppg;__NONE__
135;ppg;__NONE__
136;ppg;__NONE__
137;ppg;__NONE__
138;ppg;__NONE__
139;ppg;__NONE__
140;ppg;__NONE__
141;ppg;__NONE__
142;ppg;__NONE__
143;ppg;__NONE__
144;ppg;__NONE__
145;ppg;__NONE__
146;ppg;__NONE__
147;ppg;__NONE__
148;ppg;__NONE__
149;ppg;__NONE__
150;ppg;__NONE__
151;ppg;__NONE__
152;ppg;__NONE__
153;ppg;__NONE__
154;ppg;__NONE__
155;ppg;__NONE__
156;ppg;__NONE__
157;ppg;__NONE__
158;ppg;__NONE__
159;ppg;__NONE__
160;ppg;__NONE__
161;ppg;__NONE__
162;ppg;__NONE__
163;ppg;__NONE__
164;ppg;__NONE__
165;ppg;__NONE__
166;ppg;__NONE__
167;ppg;__NONE__
168;ppg;__NONE__
169;ppg;GOPTAAAT
170;ppg;SOBQAAAQ
171;ppg;CSFPAAAP
172;ppg;CSFPAAAP
173;ppg;RIPMAAAM
174;ppg;RIPMAAAM
175;ppg;GOGQAAAQ
176;ppg;BATSADAS
177;ppg;BATSADAS
178;ppg;BATSADAS
179;ppg;NEASACAS
1;2;SIASAAAS
2;2;GAETAAAT
3;2;SZBRADAR
4;2;KABSAAAS
5;2;PAMTAAAT
6;2;FAVSABAS
7;2;SZZTAEAT
8;2;MAZTABAT
9;2;DANRABAR
10;2;BAPRABAR
11;2;PAATADAT
12;2;MIZQAAAQ
13;2;BUGRABAR
14;2;FABSABAS
15;2;__NONE__
16;2;BALQACAQ
17;2;ACPOAAAO
18;2;SIVOAAAO
19;2;ZADTAAAT
20;2;OTGTAAAT
21;2;DEKTAAAT
22;2;SARSAAAS
23;2;MATOABAO
24;2;JAZTACAT
25;2;LADQAAAQ
26;2;HECRAAAR
27;2;TORSADAS
28;2;STTSAAAS
29;2;BOBNAAAN
30;2;MAARACAR
31;2;VECSABAS
32;2;HAMTAAAT
33;2;SZRSAAAS
34;2;PEESAAAS
35;2;CSFPAAAP
36;2;NAARADAR
37;2;SLATABAT
38;2;FADTABAT
39;2;MOTSAAAS
40;2;DASTAAAT
41;2;BARRAAAR
42;2;__NONE__
43;2;KOTTAHAT
44;2;TAATAAAT
45;2;BRSPAAAP
46;2;TOOTAAAT
47;2;TOBTAAAT
48;2;BAKQABAQ
49;2;DOSTAAAT
50;2;NAMSABAS
51;2;SZDQACAQ
52;2;__NONE__
53;2;SZDTABAT
54;2;TETSABAS
55;2;VAZSABAS
56;2;GUDSABAS
57;2;__NONE__
58;2;NYSRAAAR
59;2;SLCTAAAT
60;2;__NONE__
61;2;GOZTAAAT
62;2;ZOBSAAAS
63;2;BAZRADAR
64;2;AMTTAAAT
65;2;ANGTAAAT
66;2;KELSABAS
67;2;NAZRABAR
68;2;CSGSADAS
69;2;__NONE__
70;2;SZMPAAAP
71;2;__NONE__
72;2;__NONE__
73;2;KIMSABAS
74;2;HOASADAS
75;2;HARTAAAT
76;2;UVLPAAAP
77;2;__NONE__
78;2;NATQAAAQ
79;2;TAGTACAT
80;2;JEARAAAR
81;2;KOTTAFAT
82;2;RAPTAAAT
83;2;NETPABAP
84;2;LONSABAS
85;2;BUASACAS
86;2;CSDTABAT
87;2;BATSADAS
88;2;BOPQAAAQ
89;2;GELQAAAQ
90;2;TOARAEAR
91;2;PEGTABAT
92;2;SAGTABAT
93;2;KIATAAAT
94;2;JAMRAAAR
95;2;HOITAAAT
96;2;__NONE__
97;2;VOFSAAAS
98;2;MENSAAAS
99;2;__NONE__
100;2;SAGSABAS
101;2;FITTAAAT
102;2;BEAQABAQ
103;2;GOPTAAAT
104;2;ZOASAAAS
105;2;BOBSACAS
106;2;BEAQAAAQ
107;2;NERRAAAR
108;2;VAPSAAAS
109;2;ZENTAAAT
110;2;CIDVAAAV
111;2;PARPACAP
112;2;GOVSAAAS
113;2;BATQAFAQ
114;2;NEZRAAAR
115;2;__NONE__
116;2;__NONE__
117;2;FEZTAAAT
118;2;SZZTABAT
119;2;GADSAAAS
120;2;LEGTAAAT
121;2;NAGPADAP
122;2;GEKTAAAT
123;2;__NONE__
124;2;RALQABAQ
125;2;__NONE__
126;2;__NONE__
127;2;HALPAAAP
128;2;SZLRAAAR
129;2;MEDRAAAR
130;2;SEPTABAT
131;2;SZGRAAAR
132;2;BOESABAS
133;2;JUGQAAAQ
134;2;TAPRAAAR
135;2;CSZSABAS
136;2;__NONE__
137;2;TIMRAAAR
138;2;KAORAAAR
139;2;TADRABAR
140;2;PORTAAAT
141;2;CSASAJAS
142;2;NOAMAAAM
143;2;MAZRAAAR
144;2;__NONE__
145;2;KOTTACAT
146;2;NEFSAAAS
147;2;KIAPABAP
148;2;LATRABAR
149;2;NEBTABAT
150;2;__NONE__
151;2;RECPAAAP
152;2;SZCSAAAS
153;2;__NONE__
154;2;ADRTAAAT
155;2;PAASAFAS
156;2;PAZQACAQ
157;2;__NONE__
158;2;NYGTAAAT
159;2;PADSABAS
160;2;BADTACAT
161;2;ERZRAAAR
162;2;HELTABAT
163;2;POGSAAAS
164;2;BADQACAQ
165;2;SEARAAAR
166;2;VEBSABAS
167;2;LAVTABAT
168;2;FEGSABAS
169;2;NAFSAAAS
170;2;__NONE__
171;2;KOGOABAO
172;2;BUSSAAAS
173;2;KIASAHAS
174;2;__NONE__
175;2;SUBSAAAS
176;2;GOGQAAAQ
177;2;__NONE__
178;2;ABGRAAAR
179;2;__NONE__
180;2;__NONE__
181;2;NYDRAAAR
182;2;BOGQAAAQ
183;2;EGZQAAAQ
184;2;SZATALAT
185;2;TOGSADAS
186;2;CSNTABAT
187;2;GRJRAAAR
188;2;BAGSACAS
189;2;DELRAAAR
190;2;MAMPAGAP
191;2;__NONE__
192;2;KOZPADAP
193;2;LIASAAAS
194;2;TAATABAT
195;2;HAATADAT
196;2;NASRAAAR
197;2;RIPMAAAM
198;2;HOATAAAT
199;2;CSGTABAT
200;2;SZDTACAT
201;2;CSPTAAAT
202;2;BOASABAS
203;2;SCFTAAAT
204;2;SZDTAAAT
205;2;MEDRACAR
206;2;DUTSAAAS
207;2;__NONE__
208;2;MUMTAAAT
209;2;CSGSACAS
210;2;ARBSAAAS
211;2;__NONE__
212;2;TOZTABAT
213;2;CSBRAAAR
214;2;MORQAAAQ
215;2;FATSADAS
216;2;TOLRACAR
217;2;BIISAAAS
218;2;ADLSAAAS
219;2;BISMAAAM
1;3;FITTAAAT
2;3;SZDTACAT
3;3;LATRABAR
4;3;NOAMAAAM
5;3;KIAPABAP
6;3;LADQAAAQ
7;3;VAZSABAS
8;3;DANRABAR
9;3;__NONE__
10;3;TADRABAR
11;3;HAMTAAAT
12;3;KIMSABAS
13;3;BOBNAAAN
14;3;__NONE__
15;3;SAGTABAT
16;3;TAGTACAT
17;3;KAORAAAR
18;3;SARSAAAS
19;3;SIASAAAS
20;3;LAVTABAT
21;3;MOTSAAAS
22;3;ADRTAAAT
23;3;EGZQAAAQ
24;3;BIISAAAS
25;3;KOZPADAP
26;3;MIZQAAAQ
27;3;KOTTACAT
28;3;VECSABAS
29;3;PATMAAAM
30;3;SZZRADAR
31;3;CSFPAAAP
32;3;NAGPADAP
33;3;JUGQAAAQ
34;3;TORSADAS
35;3;CSBRAAAR
36;3;KIASAHAS
37;3;MENSAAAS
38;3;PARPACAP
39;3;HOASADAS
40;3;SIVOAAAO
41;3;BATQAFAQ
42;3;SZATALAT
43;3;CSZSABAS
44;3;KABSAAAS
45;3;NAMQABAQ
46;3;SZGMAMAM
47;3;TAATABAT
48;3;POGSAAAS
49;3;DUTSAAAS
50;3;HARTAAAT
51;3;RIPMAAAM
52;3;SZDTABAT
53;3;NEASACAS
54;3;TOBTAAAT
55;3;SZLRAAAR
56;3;SZZTABAT
57;3;TOGSADAS
58;3;GEKTAAAT
59;3;LEGTAAAT
60;3;__NONE__
61;3;NEBTABAT
62;3;JAMRAAAR
63;3;NERRAAAR
64;3;FABSABAS
65;3;FEGSABAS
66;3;SAGSABAS
67;3;SZMPAAAP
68;3;__NONE__
69;3;ZENTAAAT
70;3;CIDVAAAV
71;3;GUDSABAS
72;3;ADLSAAAS
73;3;__NONE__
74;3;__NONE__
75;3;STTSAAAS
76;3;MAZRAAAR
77;3;PEBPAAAP
78;3;PEGJABAJ
79;3;DASTAAAT
80;3;MORQAAAQ
81;3;BISMAAAM
82;3;NAFSAAAS
83;3;OTGTAAAT
84;3;NASRAAAR
85;3;ABGRAAAR
86;3;KIATAAAT
87;3;UVLPAAAP
88;3;FAVSABAS
89;3;BUGRABAR
90;3;NEFSAAAS
91;3;NETPABAP
92;3;MAARACAR
93;3;SLATABAT
94;3;VAPSAAAS
95;3;__NONE__
96;3;TOOTAAAT
97;3;ERZRAAAR
98;3;PADSABAS
99;3;GOPTAAAT
100;3;KOTTAFAT
101;3;HELTABAT
102;3;__NONE__
103;3;BUSSAAAS
104;3;GAETAAAT
105;3;FATSADAS
106;3;RALQABAQ
107;3;__NONE__
108;3;GOVSAAAS
109;3;__NONE__
110;3;BADQACAQ
111;3;NYGTAAAT
112;3;CSASAJAS
113;3;NERUAAAU
114;3;LONSABAS
115;3;SCFTAAAT
116;3;NYSRAAAR
117;3;CSGTABAT
118;3;TIMRAAAR
119;3;JEARAAAR
120;3;AMTTAAAT
121;3;BAGSACAS
122;3;__NONE__
123;3;ZADTAAAT
124;3;RAPTAAAT
125;3;__NONE__
126;3;SEPTABAT
127;3;CSGSADAS
128;3;ACPOAAAO
129;3;__NONE__
130;3;TETSABAS
131;3;ARBSAAAS
132;3;GYBRAAAR
133;3;RECPAAAP
134;3;SZDQACAQ
135;3;LIASAAAS
136;3;VOFSAAAS
137;3;KEIQAAAQ
138;3;ZOASAAAS
139;3;SZZTAEAT
140;3;TOARAEAR
141;3;ZOBSAAAS
142;3;NAMSABAS
143;3;MAMPAGAP
144;3;PEESAAAS
145;3;TAPRAAAR
146;3;CSPTAAAT
147;3;TAEPAAAP
148;3;NYDRAAAR
149;3;__NONE__
150;3;__NONE__
151;3;__NONE__
152;3;HECRAAAR
153;3;MUMTAAAT
154;3;GOZTAAAT
155;3;PORTAAAT
156;3;LERRAAAR
157;3;SUBSAAAS
158;3;BOASABAS
159;3;BUASACAS
160;3;MEDRAAAR
161;3;NATQAAAQ
162;3;GADSAAAS
163;3;KOTTAHAT
164;3;SOBQAAAQ
165;3;BRSPAAAP
166;3;SZBRADAR
167;3;GOGQAAAQ
168;3;TOZTABAT
169;3;CSNTABAT
170;3;BOPQAAAQ
171;3;PAMTAAAT
172;3;CSGSACAS
173;3;HAATADAT
174;3;PEGTABAT
175;3;CSDTABAT
176;3;__NONE__
177;3;HOITAAAT
178;3;SZRSAAAS
179;3;KOGOABAO
180;3;__NONE__
181;3;__NONE__
182;3;GABRAAAR
183;3;FEZTAAAT
184;3;BOBSACAS
185;3;TAATAAAT
186;3;__NONE__
187;3;GRJRAAAR
188;3;BAZRADAR
189;3;DEKTAAAT
190;3;VEBSABAS
191;3;MAZTABAT
192;3;HALPAAAP
193;3;__NONE__
194;3;PAZQACAQ
195;3;SZDTAAAT
196;3;HOATAAAT
197;3;BAPRABAR
198;3;BEAQAAAQ
199;3;SZCSAAAS
200;3;__NONE__
201;3;BATSADAS
202;3;SLCTAAAT
203;3;NEZRAAAR
204;3;ANGTAAAT
205;3;BOGQAAAQ
206;3;DELRAAAR
207;3;PAATADAT
208;3;BALQACAQ
209;3;SEARAAAR
210;3;SZGRAAAR
211;3;MATOABAO
212;3;BARRAAAR
213;3;KELSABAS
214;3;BAKQABAQ
215;3;NAARADAR
216;3;JAZTACAT
217;3;TOLRACAR
218;3;DOSTAAAT
219;3;ORTPAAAP
1;4;DUTSAAAS
2;4;POGSAAAS
3;4;MIZQAAAQ
4;4;GYBRAAAR
5;4;SZBRADAR
6;4;TAATAAAT
7;4;MOTSAAAS
8;4;EGZQAAAQ
9;4;PARPACAP
10;4;TOOTAAAT
11;4;JAZTACAT
12;4;__NONE__
13;4;KEIQAAAQ
14;4;LAVTABAT
15;4;TOBTAAAT
16;4;VAZSABAS
17;4;TIMRAAAR
18;4;FAVSABAS
19;4;ADRTAAAT
20;4;KAORAAAR
21;4;ZOASAAAS
22;4;VAPSAAAS
23;4;__NONE__
24;4;SZGMAMAM
25;4;GOPTAAAT
26;4;ANGTAAAT
27;4;RIPMAAAM
28;4;TOLRACAR
29;4;SZDQACAQ
30;4;DEKTAAAT
31;4;SZDTAAAT
32;4;DANRABAR
33;4;TAEPAAAP
34;4;LEGTAAAT
35;4;FEZTAAAT
36;4;NASRAAAR
37;4;GOVSAAAS
38;4;PAMTAAAT
39;4;ERZRAAAR
40;4;PAZOADAO
41;4;TAATABAT
42;4;NAMQABAQ
43;4;BADQACAQ
44;4;NEBTABAT
45;4;SCFTAAAT
46;4;__NONE__
47;4;SIVOAAAO
48;4;MENSAAAS
49;4;__NONE__
50;4;SZZRADAR
51;4;SUBSAAAS
52;4;ADLSAAAS
53;4;FADTABAT
54;4;SAGTABAT
55;4;JAMRAAAR
56;4;MORQAAAQ
57;4;CSNTABAT
58;4;TAGTACAT
59;4;MAARACAR
60;4;SZGRAAAR
61;4;SLATABAT
62;4;BAPRABAR
63;4;HAATADAT
64;4;LADQAAAQ
65;4;SOBQAAAQ
66;4;PEGJABAJ
67;4;NEZRAAAR
68;4;GAETAAAT
69;4;VEBSABAS
70;4;BOBNAAAN
71;4;BADTACAT
72;4;BARRAAAR
73;4;SEARAAAR
74;4;HOATAAAT
75;4;SZRSAAAS
76;4;__NONE__
77;4;NAFSAAAS
78;4;FITTAAAT
79;4;CSZSABAS
80;4;ZOBSAAAS
81;4;GOZTAAAT
82;4;BOPQAAAQ
83;4;PEBPAAAP
84;4;HELTABAT
85;4;CSGSADAS
86;4;__NONE__
87;4;CSBRAAAR
88;4;PEGTABAT
89;4;NYSRAAAR
90;4;CSASAJAS
91;4;BEAQAAAQ
92;4;GELQAAAQ
93;4;__NONE__
94;4;BRSPAAAP
95;4;__NONE__
96;4;VECSABAS
97;4;BAGSACAS
98;4;GEKTAAAT
99;4;GRJRAAAR
100;4;__NONE__
101;4;SAGSABAS
102;4;__NONE__
103;4;NATQAAAQ
104;4;__NONE__
105;4;CSGTABAT
106;4;KOTTAFAT
107;4;__NONE__
108;4;PEESAAAS
109;4;BUGRABAR
110;4;NYDRAAAR
111;4;KOTTACAT
112;4;MAMPAGAP
113;4;SLCTAAAT
114;4;SZZTAEAT
115;4;AMTTAAAT
116;4;UVLPAAAP
117;4;FEGSABAS
118;4;JEARAAAR
119;4;HOASADAS
120;4;BUASACAS
121;4;ACPOAAAO
122;4;__NONE__
123;4;LERRAAAR
124;4;TAPRAAAR
125;4;BOESABAS
126;4;BOGQAAAQ
127;4;CSPTAAAT
128;4;FABSABAS
129;4;__NONE__
130;4;BATSADAS
131;4;MAZRAAAR
132;4;BOBSACAS
133;4;KIASAHAS
134;4;__NONE__
135;4;PORTAAAT
136;4;NAGPADAP
137;4;HARTAAAT
138;4;ZADTAAAT
139;4;KOZPADAP
140;4;CSDTABAT
141;4;BUSSAAAS
142;4;__NONE__
143;4;MUMTAAAT
144;4;DOSTAAAT
145;4;RAPTAAAT
146;4;FATSADAS
147;4;KABSAAAS
148;4;ORTPAAAP
149;4;__NONE__
150;4;BIISAAAS
151;4;GUDSABAS
152;4;NAMSABAS
153;4;GOGQAAAQ
154;4;__NONE__
155;4;DASTAAAT
156;4;TOGSADAS
157;4;GAPOAAAO
158;4;__NONE__
159;4;SIASAAAS
160;4;SZDTABAT
161;4;__NONE__
162;4;__NONE__
163;4;KIAPABAP
164;4;NAARADAR
165;4;PATMAAAM
166;4;ZENTAAAT
167;4;BATQAFAQ
168;4;HOARAEAR
169;4;GADSAAAS
170;4;CIDVAAAV
171;4;BOIRAAAR
172;4;SZATALAT
173;4;CSFPAAAP
174;4;KELSABAS
175;4;STTSAAAS
176;4;__NONE__
177;4;OTGTAAAT
178;4;HALPAAAP
179;4;PADSABAS
180;4;SZMPAAAP
181;4;MATOABAO
182;4;BOASABAS
183;4;SZCSAAAS
184;4;ABGRAAAR
185;4;NERRAAAR
186;4;RECPAAAP
187;4;__NONE__
188;4;PAATADAT
189;4;NYGTAAAT
190;4;DELRAAAR
191;4;BAZRADAR
192;4;HAMTAAAT
193;4;__NONE__
194;4;NERUAAAU
195;4;KIATAAAT
196;4;LIASAAAS
197;4;LONSABAS
198;4;JUGQAAAQ
199;4;BISMAAAM
200;4;SZZTABAT
201;4;PAZQACAQ
202;4;__NONE__
203;4;__NONE__
204;4;CSGSACAS
205;4;__NONE__
206;4;HECRAAAR
207;4;RALQABAQ
208;4;KIMSABAS
209;4;TORSADAS
210;4;TOZTABAT
211;4;KOTTAHAT
212;4;VOFSAAAS
213;4;SEPTABAT
214;4;MAZTABAT
215;4;HOITAAAT
1;5;NOAMAAAM
2;5;KOTTAFAT
3;5;KEIQAAAQ
4;5;SIASAAAS
5;5;NYDRAAAR
6;5;GUDSABAS
7;5;AMTTAAAT
8;5;GEKTAAAT
9;5;MAZRAAAR
10;5;SEPTABAT
11;5;HAMTAAAT
12;5;NASRAAAR
13;5;HALPAAAP
14;5;__NONE__
15;5;__NONE__
16;5;ARBSAAAS
17;5;SZDTAAAT
18;5;BAZRADAR
19;5;HAATADAT
20;5;NEZRAAAR
21;5;DELRAAAR
22;5;PAMTAAAT
23;5;SOBQAAAQ
24;5;KABSAAAS
25;5;__NONE__
26;5;TOOTAAAT
27;5;CSGTABAT
28;5;TAPRAAAR
29;5;__NONE__
30;5;SEARAAAR
31;5;BOBSACAS
32;5;FABSABAS
33;5;BADQACAQ
34;5;LATRABAR
35;5;SCFTAAAT
36;5;ABGRAAAR
37;5;BATSADAS
38;5;ANGTAAAT
39;5;VAPSAAAS
40;5;SZGRAAAR
41;5;__NONE__
42;5;SZATALAT
43;5;BOASABAS
44;5;HARTAAAT
45;5;MIZQAAAQ
46;5;MOTSAAAS
47;5;ORTPAAAP
48;5;__NONE__
49;5;KELSABAS
50;5;__NONE__
51;5;FEZTAAAT
52;5;MATOABAO
53;5;RAPTAAAT
54;5;LONSABAS
55;5;TIMRAAAR
56;5;NAMSABAS
57;5;KAORAAAR
58;5;SUBSAAAS
59;5;VAZSABAS
60;5;BOGQAAAQ
61;5;NEBTABAT
62;5;__NONE__
63;5;SIVOAAAO
64;5;__NONE__
65;5;__NONE__
66;5;MUMTAAAT
67;5;__NONE__
68;5;__NONE__
69;5;__NONE__
70;5;TAATABAT
71;5;NERUAAAU
72;5;NAARADAR
73;5;EGZQAAAQ
74;5;BAPRABAR
75;5;NAGPADAP
76;5;PEGJABAJ
77;5;PAZQACAQ
78;5;LEGTAAAT
79;5;PARPACAP
80;5;SZDTABAT
81;5;LADQAAAQ
82;5;NEASACAS
83;5;FAVSABAS
84;5;__NONE__
85;5;NERRAAAR
86;5;CSGSACAS
87;5;BOBNAAAN
88;5;TAGTACAT
89;5;__NONE__
90;5;FEGSABAS
91;5;KOTTACAT
92;5;HOITAAAT
93;5;PEESAAAS
94;5;__NONE__
95;5;__NONE__
96;5;__NONE__
97;5;GAETAAAT
98;5;MORQAAAQ
99;5;BAKQABAQ
100;5;CSASAJAS
101;5;TETSABAS
102;5;BUGRABAR
103;5;BUASACAS
104;5;DOSTAAAT
105;5;MAARACAR
106;5;HECRAAAR
107;5;NAMQABAQ
108;5;JUGQAAAQ
109;5;ACPOAAAO
110;5;TADRABAR
111;5;__NONE__
112;5;HOATAAAT
113;5;MENSAAAS
114;5;TOZTABAT
115;5;CIDVAAAV
116;5;RALQABAQ
117;5;ADRTAAAT
118;5;PAATADAT
119;5;SZZRADAR
120;5;PEGTABAT
121;5;__NONE__
122;5;__NONE__
123;5;TOBTAAAT
124;5;LAVTABAT
125;5;PEBPAAAP
126;5;MEDRAAAR
127;5;JAZTACAT
128;5;KOZPADAP
129;5;JAMRAAAR
130;5;CSFPAAAP
131;5;SZDTACAT
132;5;KIATAAAT
133;5;KOTTAHAT
134;5;VECSABAS
135;5;SZZTAEAT
136;5;BOESABAS
137;5;GRJRAAAR
138;5;__NONE__
139;5;BRSPAAAP
140;5;SZCSAAAS
141;5;NYGTAAAT
142;5;NAFSAAAS
143;5;RECPAAAP
144;5;FADTABAT
145;5;SAGTABAT
146;5;ZOBSAAAS
147;5;GOVSAAAS
148;5;__NONE__
149;5;__NONE__
150;5;OTGTAAAT
151;5;TAATAAAT
152;5;TAEPAAAP
153;5;NATQAAAQ
154;5;CSBRAAAR
155;5;BATQAFAQ
156;5;KIAPABAP
157;5;HOASADAS
158;5;TOARAEAR
159;5;SZBRADAR
160;5;JEARAAAR
161;5;VEBSABAS
162;5;BUSSAAAS
163;5;CSZSABAS
164;5;ADLSAAAS
165;5;__NONE__
166;5;DASTAAAT
167;5;TORSADAS
168;5;GOGQAAAQ
169;5;SZGMAMAM
170;5;GAPOAAAO
171;5;GABRAAAR
172;5;MAZTABAT
173;5;SAGSABAS
174;5;SZZTABAT
175;5;__NONE__
176;5;__NONE__
177;5;ZENTAAAT
178;5;HELTABAT
179;5;POGSAAAS
180;5;KOGOABAO
181;5;DANRABAR
182;5;TOLRACAR
183;5;BOIRAAAR
184;5;GELQAAAQ
185;5;__NONE__
186;5;HOARAEAR
187;5;PADSABAS
188;5;LIASAAAS
189;5;BEAQAAAQ
190;5;BAGSACAS
191;5;FATSADAS
192;5;__NONE__
193;5;SZRSAAAS
194;5;ZOASAAAS
195;5;TOGSADAS
196;5;UVLPAAAP
197;5;KIASAHAS
198;5;PORTAAAT
199;5;ZADTAAAT
200;5;KIMSABAS
201;5;CSPTAAAT
202;5;__NONE__
203;5;__NONE__
204;5;GOPTAAAT
205;5;__NONE__
206;5;STTSAAAS
207;5;BARRAAAR
208;5;__NONE__
209;5;NYSRAAAR
210;5;GYBRAAAR
211;5;RIPMAAAM
212;5;GADSAAAS
213;5;BIISAAAS
214;5;DEKTAAAT
215;5;BISMAAAM
216;5;LERRAAAR
1;6;RALQABAQ
2;6;FAVSABAS
3;6;TOARAEAR
4;6;DANRABAR
5;6;PARPACAP
6;6;DELRAAAR
7;6;SOBQAAAQ
8;6;TOLRACAR
9;6;SZDTABAT
10;6;LEGTAAAT
11;6;MUMTAAAT
12;6;LADQAAAQ
13;6;SZATALAT
14;6;__NONE__
15;6;__NONE__
16;6;__NONE__
17;6;MOTSAAAS
18;6;GOZTAAAT
19;6;__NONE__
20;6;ZADTAAAT
21;6;HECRAAAR
22;6;BOBNAAAN
23;6;SZCSAAAS
24;6;VAPSAAAS
25;6;ZENTAAAT
26;6;RECPAAAP
27;6;PAZOADAO
28;6;MEDRAAAR
29;6;HOARAEAR
30;6;SEARAAAR
31;6;BIISAAAS
32;6;JAMRAAAR
33;6;GADSAAAS
34;6;BOIRAAAR
35;6;BUSSAAAS
36;6;MAZTABAT
37;6;PEESAAAS
38;6;FATSADAS
39;6;BOESABAS
40;6;HAMTAAAT
41;6;__NONE__
42;6;__NONE__
43;6;BUASACAS
44;6;SZDTAAAT
45;6;BAZRADAR
46;6;__NONE__
47;6;DEKTAAAT
48;6;SZMPAAAP
49;6;NATQAAAQ
50;6;POGSAAAS
51;6;HOATAAAT
52;6;__NONE__
53;6;__NONE__
54;6;__NONE__
55;6;BAKQABAQ
56;6;ARBSAAAS
57;6;SZZTAEAT
58;6;NYSRAAAR
59;6;CSGSADAS
60;6;EGZQAAAQ
61;6;RIPMAAAM
62;6;LERRAAAR
63;6;KOTTACAT
64;6;NYGTAAAT
65;6;PEGJABAJ
66;6;JUGQAAAQ
67;6;OTGTAAAT
68;6;__NONE__
69;6;__NONE__
70;6;HOASADAS
71;6;JEARAAAR
72;6;NAARADAR
73;6;__NONE__
74;6;NEZRAAAR
75;6;PADSABAS
76;6;TETSABAS
77;6;STTSAAAS
78;6;TORSADAS
79;6;CSPTAAAT
80;6;BOBSACAS
81;6;ABGRAAAR
82;6;TAATABAT
83;6;TAEPAAAP
84;6;SZDTACAT
85;6;SZBRADAR
86;6;BUGRABAR
87;6;KOGOABAO
88;6;PAMTAAAT
89;6;LONSABAS
90;6;VECSABAS
91;6;TOGSADAS
92;6;SARSAAAS
93;6;ANGTAAAT
94;6;ADLSAAAS
95;6;__NONE__
96;6;__NONE__
97;6;__NONE__
98;6;RAPTAAAT
99;6;MIZQAAAQ
100;6;__NONE__
101;6;__NONE__
102;6;CIDVAAAV
103;6;BAGSACAS
104;6;PAZQACAQ
105;6;KIMSABAS
106;6;GAPOAAAO
107;6;SUBSAAAS
108;6;MAZRAAAR
109;6;HALPAAAP
110;6;LAVTABAT
111;6;CSGTABAT
112;6;FEZTAAAT
113;6;KABSAAAS
114;6;AMTTAAAT
115;6;KIATAAAT
116;6;GELQAAAQ
117;6;VEBSABAS
118;6;PORTAAAT
119;6;GOPTAAAT
120;6;PAATADAT
121;6;CSNTABAT
122;6;__NONE__
123;6;__NONE__
124;6;__NONE__
125;6;TOOTAAAT
126;6;NAMSABAS
127;6;__NONE__
128;6;__NONE__
129;6;BOGQAAAQ
130;6;TADRABAR
131;6;MAMPAGAP
132;6;MENSAAAS
133;6;ADRTAAAT
134;6;ACPOAAAO
135;6;LATRABAR
136;6;__NONE__
137;6;GAETAAAT
138;6;LIASAAAS
139;6;SIASAAAS
140;6;CSBRAAAR
141;6;__NONE__
142;6;NEASACAS
143;6;__NONE__
144;6;GOVSAAAS
145;6;NYDRAAAR
146;6;BRSPAAAP
147;6;SEPTABAT
148;6;FADTABAT
149;6;__NONE__
150;6;__NONE__
151;6;__NONE__
152;6;FEGSABAS
153;6;SIVOAAAO
154;6;__NONE__
155;6;__NONE__
156;6;BOPQAAAQ
157;6;TAPRAAAR
158;6;ORTPAAAP
159;6;VAZSABAS
160;6;ZOASAAAS
161;6;UVLPAAAP
162;6;SZGMAMAM
163;6;__NONE__
164;6;BATQAFAQ
165;6;GRJRAAAR
166;6;TAGTACAT
167;6;CSASAJAS
168;6;DOSTAAAT
169;6;SZGRAAAR
170;6;CSFPAAAP
171;6;BISMAAAM
172;6;SZZRADAR
173;6;KIASAHAS
174;6;BATSADAS
175;6;SAGTABAT
176;6;__NONE__
177;6;__NONE__
178;6;__NONE__
179;6;MAARACAR
180;6;VETRAAAR
181;6;__NONE__
182;6;__NONE__
183;6;ZENTAAAT
184;6;TIMRAAAR
185;6;GOGQAAAQ
186;6;FABSABAS
187;6;SZRSAAAS
188;6;HAATADAT
189;6;NAFSAAAS
190;6;__NONE__
191;6;__NONE__
192;6;BOASABAS
193;6;KAORAAAR
194;6;BAPRABAR
195;6;JAZTACAT
196;6;__NONE__
197;6;GYBRAAAR
198;6;BEAQAAAQ
199;6;__NONE__
200;6;TOZTABAT
201;6;ZOBSAAAS
202;6;HOITAAAT
203;6;TOBTAAAT
204;6;__NONE__
205;6;__NONE__
206;6;NERRAAAR
207;6;SZDQACAQ
208;6;__NONE__
209;6;__NONE__
210;6;HELTABAT
211;6;GUDSABAS
212;6;BARRAAAR
213;6;CSGSACAS
214;6;DASTAAAT
215;6;SZZTABAT
216;6;VOFSAAAS
1;7;__NONE__
2;7;TORSADAS
3;7;SLATABAT
4;7;__NONE__
5;7;BOBNAAAN
6;7;FADTABAT
7;7;NYGTAAAT
8;7;TOZTABAT
9;7;HAMTAAAT
10;7;__NONE__
11;7;ABGRAAAR
12;7;__NONE__
13;7;KIAPABAP
14;7;POGSAAAS
15;7;RAPTAAAT
16;7;BUSSAAAS
17;7;__NONE__
18;7;__NONE__
19;7;FAVSABAS
20;7;LAVTABAT
21;7;TOLRACAR
22;7;ORTPAAAP
23;7;ZENTAAAT
24;7;KAORAAAR
25;7;ADLSAAAS
26;7;FEZTAAAT
27;7;BIISAAAS
28;7;__NONE__
29;7;VAZSABAS
30;7;HALPAAAP
31;7;GEKTAAAT
32;7;PATMAAAM
33;7;MAARACAR
34;7;BOESABAS
35;7;HOASADAS
36;7;__NONE__
37;7;MUMTAAAT
38;7;SZZRADAR
39;7;NAFSAAAS
40;7;SZDTABAT
41;7;BISMAAAM
42;7;__NONE__
43;7;NAARADAR
44;7;SZCSAAAS
45;7;__NONE__
46;7;CSGTABAT
47;7;ARBSAAAS
48;7;TETSABAS
49;7;JAMRAAAR
50;7;BOIRAAAR
51;7;NEZRAAAR
52;7;SEPTABAT
53;7;SOBQAAAQ
54;7;BAPRABAR
55;7;CSZSABAS
56;7;NATQAAAQ
57;7;TIMRAAAR
58;7;RALQABAQ
59;7;SZMPAAAP
60;7;__NONE__
61;7;DASTAAAT
62;7;__NONE__
63;7;CSASAJAS
64;7;ZOASAAAS
65;7;HOATAAAT
66;7;FATSADAS
67;7;PEESAAAS
68;7;__NONE__
69;7;PAZOADAO
70;7;VECSABAS
71;7;LERRAAAR
72;7;__NONE__
73;7;NAMSABAS
74;7;__NONE__
75;7;__NONE__
76;7;SEARAAAR
77;7;NEASACAS
78;7;MEDRAAAR
79;7;KOZPADAP
80;7;SZGRAAAR
81;7;HARTAAAT
82;7;__NONE__
83;7;PAMTAAAT
84;7;LEGTAAAT
85;7;BOGQAAAQ
86;7;KOTTAFAT
87;7;SIVOAAAO
88;7;SCFTAAAT
89;7;SUBSAAAS
90;7;FEGSABAS
91;7;HOITAAAT
92;7;BUASACAS
93;7;ZOBSAAAS
94;7;KIASAHAS
95;7;KIMSABAS
96;7;VOFSAAAS
97;7;MAZTABAT
98;7;GOVSAAAS
99;7;TOOTAAAT
100;7;BAZRADAR
101;7;CSGSACAS
102;7;__NONE__
103;7;HOARAEAR
104;7;DANRABAR
105;7;GAETAAAT
106;7;BOPQAAAQ
107;7;DUTSAAAS
108;7;SLCTAAAT
109;7;__NONE__
110;7;GELQAAAQ
111;7;GADSAAAS
112;7;ADRTAAAT
113;7;GOPTAAAT
114;7;TAPRAAAR
115;7;BARRAAAR
116;7;BATSADAS
117;7;__NONE__
118;7;SZRSAAAS
119;7;__NONE__
120;7;SZBRADAR
121;7;TOBTAAAT
122;7;BEAQAAAQ
123;7;__NONE__
124;7;LATRABAR
125;7;MAZRAAAR
126;7;__NONE__
127;7;NAMQABAQ
128;7;LONSABAS
129;7;JEARAAAR
130;7;MIZQAAAQ
131;7;__NONE__
132;7;__NONE__
133;7;GRJRAAAR
134;7;CSBRAAAR
135;7;TAATABAT
136;7;BAKQABAQ
137;7;SZZTABAT
138;7;CSPTAAAT
139;7;PAATADAT
140;7;__NONE__
141;7;PARPACAP
142;7;VAPSAAAS
143;7;PORTAAAT
144;7;HECRAAAR
145;7;UVLPAAAP
146;7;__NONE__
147;7;SZGMAMAM
148;7;SAGTABAT
149;7;JUGQAAAQ
150;7;SARSAAAS
151;7;__NONE__
152;7;__NONE__
153;7;__NONE__
154;7;__NONE__
155;7;NASRAAAR
156;7;ZADTAAAT
157;7;MORQAAAQ
158;7;FABSABAS
159;7;__NONE__
160;7;SZZTAEAT
161;7;BOASABAS
162;7;DELRAAAR
163;7;BUGRABAR
164;7;GYBRAAAR
165;7;HAATADAT
166;7;BAGSACAS
167;7;CSFPAAAP
168;7;NYSRAAAR
169;7;BRSPAAAP
170;7;NOAMAAAM
171;7;LIASAAAS
172;7;__NONE__
173;7;BOBSACAS
174;7;__NONE__
175;7;NEBTABAT
176;7;__NONE__
177;7;GAPOAAAO
178;7;TOGSADAS
179;7;LADQAAAQ
180;7;NYDRAAAR
181;7;KOGOABAO
182;7;SZDTACAT
183;7;RECPAAAP
184;7;VEBSABAS
185;7;JAZTACAT
186;7;__NONE__
187;7;KEIQAAAQ
188;7;__NONE__
189;7;__NONE__
190;7;KABSAAAS
191;7;ACPOAAAO
192;7;TAATAAAT
193;7;MAMPAGAP
194;7;CSDTABAT
195;7;TAEPAAAP
196;7;OTGTAAAT
197;7;DOSTAAAT
198;7;KIATAAAT
199;7;GUDSABAS
200;7;SIASAAAS
201;7;AMTTAAAT
202;7;MATOABAO
203;7;__NONE__
204;7;CIDVAAAV
205;7;ANGTAAAT
206;7;SAGSABAS
207;7;PEGJABAJ
208;7;RIPMAAAM
209;7;__NONE__
210;7;__NONE__
211;7;SZATALAT
212;7;KOTTACAT
213;7;__NONE__
214;7;PEBPAAAP
215;7;MENSAAAS
216;7;__NONE__
1;10;BARRAAAR
2;10;KABSAAAS
3;10;BRSPAAAP
4;10;NYSRAAAR
5;10;BAPRABAR
6;10;PEESAAAS
7;10;SZGMAMAM
8;10;KOTTACAT
9;10;__NONE__
10;10;__NONE__
11;10;ZOBSAAAS
12;10;NYGTAAAT
13;10;SZATALAT
14;10;MEDRAAAR
15;10;BEAQAAAQ
16;10;__NONE__
17;10;NEZRAAAR
18;10;JUGQAAAQ
19;10;BAZRADAR
20;10;KEIQAAAQ
21;10;LIASAAAS
22;10;CSDTABAT
23;10;ARBSAAAS
24;10;TOBTAAAT
25;10;PADSABAS
26;10;TAATABAT
27;10;__NONE__
28;10;PAZOADAO
29;10;CSGTABAT
30;10;DELRAAAR
31;10;__NONE__
32;10;KIASAHAS
33;10;ZADTAAAT
34;10;__NONE__
35;10;SIASAAAS
36;10;SZRSAAAS
37;10;__NONE__
38;10;SUBSAAAS
39;10;TIMRAAAR
40;10;__NONE__
41;10;ANGTAAAT
42;10;__NONE__
43;10;__NONE__
44;10;SAGTABAT
45;10;VAPSAAAS
46;10;__NONE__
47;10;PATMAAAM
48;10;PORTAAAT
49;10;ZENTAAAT
50;10;TAGTACAT
51;10;HECRAAAR
52;10;RAPTAAAT
53;10;MAZRAAAR
54;10;SZMPAAAP
55;10;__NONE__
56;10;GAPOAAAO
57;10;SIVOAAAO
58;10;DANRABAR
59;10;SEARAAAR
60;10;HALPAAAP
61;10;LEGTAAAT
62;10;__NONE__
63;10;MUMTAAAT
64;10;KIAPABAP
65;10;SZZTABAT
66;10;SARSAAAS
67;10;JAMRAAAR
68;10;RIPMAAAM
69;10;PEGJABAJ
70;10;TAEPAAAP
71;10;ADLSAAAS
72;10;MATOABAO
73;10;__NONE__
74;10;CSASAJAS
75;10;LADQAAAQ
76;10;NAMSABAS
77;10;PEBPAAAP
78;10;SEPTABAT
79;10;SZDTAAAT
80;10;TOARAEAR
81;10;__NONE__
82;10;CSBRAAAR
83;10;BOASABAS
84;10;__NONE__
85;10;RECPAAAP
86;10;__NONE__
87;10;__NONE__
88;10;FEGSABAS
89;10;KAORAAAR
90;10;__NONE__
91;10;KIATAAAT
92;10;NAFSAAAS
93;10;KOZPADAP
94;10;JAZTACAT
95;10;GOVSAAAS
96;10;ORTPAAAP
97;10;SOBQAAAQ
98;10;__NONE__
99;10;TOZTABAT
100;10;EGZQAAAQ
101;10;BISMAAAM
102;10;SLATABAT
103;10;__NONE__
104;10;BUASACAS
105;10;HOATAAAT
106;10;MORQAAAQ
107;10;MIZQAAAQ
108;10;BATSADAS
109;10;GRJRAAAR
110;10;BADTACAT
111;10;HAMTAAAT
112;10;SZGRAAAR
113;10;LAVTABAT
114;10;__NONE__
115;10;RALQABAQ
116;10;BAKQABAQ
117;10;SZBRADAR
118;10;__NONE__
119;10;TORSADAS
120;10;NEBTABAT
121;10;__NONE__
122;10;KIMSABAS
123;10;TAPRAAAR
124;10;__NONE__
125;10;BOBSACAS
126;10;TETSABAS
127;10;__NONE__
128;10;PAATADAT
129;10;BUSSAAAS
130;10;__NONE__
131;10;__NONE__
132;10;NEASACAS
133;10;__NONE__
134;10;VOFSAAAS
135;10;GOZTAAAT
136;10;TOOTAAAT
137;10;CIDVAAAV
138;10;POGSAAAS
139;10;ZOASAAAS
140;10;LATRABAR
141;10;TOGSADAS
142;10;__NONE__
143;10;PAZQACAQ
144;10;KOTTAFAT
145;10;BOIRAAAR
146;10;CSFPAAAP
147;10;ADRTAAAT
148;10;DOSTAAAT
149;10;FEZTAAAT
150;10;MAMPAGAP
151;10;NASRAAAR
152;10;PAMTAAAT
153;10;__NONE__
154;10;HOASADAS
155;10;LONSABAS
156;10;UVLPAAAP
157;10;BAGSACAS
158;10;GADSAAAS
159;10;FAVSABAS
160;10;FATSADAS
161;10;__NONE__
162;10;__NONE__
163;10;NAARADAR
164;10;SLCTAAAT
165;10;GOPTAAAT
166;10;HARTAAAT
167;10;GAETAAAT
168;10;SZDTABAT
169;10;ACPOAAAO
170;10;BOESABAS
171;10;__NONE__
172;10;KOGOABAO
173;10;TOLRACAR
174;10;__NONE__
175;10;FABSABAS
176;10;CSZSABAS
177;10;DASTAAAT
178;10;SZZTAEAT
179;10;CSNTABAT
180;10;GUDSABAS
181;10;DEKTAAAT
182;10;GEKTAAAT
183;10;ABGRAAAR
184;10;__NONE__
185;10;BOBNAAAN
186;10;VAZSABAS
187;10;HAATADAT
188;10;NYDRAAAR
189;10;__NONE__
190;10;MAARACAR
191;10;GOGQAAAQ
192;10;CSGSACAS
193;10;MAZTABAT
194;10;SCFTAAAT
195;10;SZCSAAAS
196;10;NAMQABAQ
197;10;BADQACAQ
198;10;MENSAAAS
199;10;CSPTAAAT
1;11;KAORAAAR
2;11;__NONE__
3;11;__NONE__
4;11;VAPSAAAS
5;11;TOOTAAAT
6;11;DOSTAAAT
7;11;VAZSABAS
8;11;POGSAAAS
9;11;NAFSAAAS
10;11;CIDVAAAV
11;11;MAZRAAAR
12;11;BOBSACAS
13;11;PAZQACAQ
14;11;__NONE__
15;11;__NONE__
16;11;NERUAAAU
17;11;RIPMAAAM
18;11;JUGQAAAQ
19;11;BAPRABAR
20;11;NYGTAAAT
21;11;SEPTABAT
22;11;NASRAAAR
23;11;SZZTABAT
24;11;OTGTAAAT
25;11;KEIQAAAQ
26;11;CSFPAAAP
27;11;SIASAAAS
28;11;DEKTAAAT
29;11;__NONE__
30;11;__NONE__
31;11;__NONE__
32;11;NAARADAR
33;11;__NONE__
34;11;GAPOAAAO
35;11;NERRAAAR
36;11;TIMRAAAR
37;11;NEBTABAT
38;11;KIMSABAS
39;11;MENSAAAS
40;11;__NONE__
41;11;UVLPAAAP
42;11;ZENTAAAT
43;11;DANRABAR
44;11;LONSABAS
45;11;ANGTAAAT
46;11;GOVSAAAS
47;11;SZGRAAAR
48;11;__NONE__
49;11;ZOBSAAAS
50;11;NYSRAAAR
51;11;LADQAAAQ
52;11;LAVTABAT
53;11;__NONE__
54;11;FEGSABAS
55;11;PEGJABAJ
56;11;JAMRAAAR
57;11;LEGTAAAT
58;11;ARBSAAAS
59;11;__NONE__
60;11;__NONE__
61;11;TETSABAS
62;11;__NONE__
63;11;SLCTAAAT
64;11;SIVOAAAO
65;11;RECPAAAP
66;11;NAMSABAS
67;11;NYDRAAAR
68;11;ABGRAAAR
69;11;KOTTAFAT
70;11;MUMTAAAT
71;11;GOPTAAAT
72;11;TOGSADAS
73;11;EGZQAAAQ
74;11;__NONE__
75;11;SARSAAAS
76;11;__NONE__
77;11;__NONE__
78;11;PATMAAAM
79;11;FATSADAS
80;11;PORTAAAT
81;11;HAMTAAAT
82;11;MORQAAAQ
83;11;__NONE__
84;11;GADSAAAS
85;11;LATRABAR
86;11;TOARAEAR
87;11;SZBRADAR
88;11;NEASACAS
89;11;__NONE__
90;11;PAMTAAAT
91;11;RAPTAAAT
92;11;CSDTABAT
93;11;__NONE__
94;11;FAVSABAS
95;11;VOFSAAAS
96;11;RALQABAQ
97;11;DASTAAAT
98;11;ADRTAAAT
99;11;BOESABAS
100;11;BADTACAT
101;11;TOZTABAT
102;11;HAATADAT
103;11;SZDTAAAT
104;11;HARTAAAT
105;11;BRSPAAAP
106;11;__NONE__
107;11;TOLRACAR
108;11;BUASACAS
109;11;BAKQABAQ
110;11;SEARAAAR
111;11;CSPTAAAT
112;11;SOBQAAAQ
113;11;HOATAAAT
114;11;KIATAAAT
115;11;NATQAAAQ
116;11;__NONE__
117;11;MAZTABAT
118;11;NEZRAAAR
119;11;BAZRADAR
120;11;__NONE__
121;11;BUSSAAAS
122;11;BAGSACAS
123;11;GOZTAAAT
124;11;SZRSAAAS
125;11;ZOASAAAS
126;11;CSGTABAT
127;11;MAMPAGAP
128;11;KOZPADAP
129;11;BATSADAS
130;11;SUBSAAAS
131;11;SZDTABAT
132;11;HALPAAAP
133;11;ADLSAAAS
134;11;TAEPAAAP
135;11;BARRAAAR
136;11;__NONE__
137;11;SZGMAMAM
138;11;TOBTAAAT
139;11;TAATABAT
140;11;JAZTACAT
141;11;KOTTACAT
142;11;BISMAAAM
143;11;GUDSABAS
144;11;CSBRAAAR
145;11;CSNTABAT
146;11;__NONE__
147;11;__NONE__
148;11;__NONE__
149;11;MIZQAAAQ
150;11;__NONE__
151;11;GRJRAAAR
152;11;SZMPAAAP
153;11;CSGSACAS
154;11;GEKTAAAT
155;11;CSZSABAS
156;11;FABSABAS
157;11;__NONE__
158;11;MAARACAR
159;11;PAATADAT
160;11;DELRAAAR
161;11;SZZRADAR
162;11;BEAQAAAQ
163;11;FEZTAAAT
164;11;BOIRAAAR
165;11;HOASADAS
166;11;MEDRAAAR
167;11;SZZTAEAT
168;11;CSASAJAS
169;11;__NONE__
170;11;__NONE__
171;11;__NONE__
172;11;BOASABAS
173;11;__NONE__
174;11;__NONE__
175;11;HECRAAAR
176;11;GYBRAAAR
177;11;__NONE__
178;11;GOGQAAAQ
179;11;BOBNAAAN
180;11;TAPRAAAR
181;11;SCFTAAAT
182;11;__NONE__
183;11;SZCSAAAS
184;11;AMTTAAAT
185;11;ORTPAAAP
186;11;KIASAHAS
187;11;KABSAAAS
188;11;__NONE__
189;11;PEESAAAS
190;11;KIAPABAP
191;11;KOGOABAO
192;11;SZATALAT
193;11;SAGSABAS
194;11;__NONE__
195;11;ZADTAAAT
196;11;PEBPAAAP
197;11;ACPOAAAO
198;11;PARPACAP
199;11;VECSABAS